INSERT INTO categories (Name, ImageUrl) VALUES ('Cà phê', 'kohi_logo.png');
INSERT INTO categories (Name, ImageUrl) VALUES ('Trà sữa', 'kohi_logo.png');
INSERT INTO categories (Name, ImageUrl) VALUES ('Trà', 'kohi_logo.png');
INSERT INTO categories (Name, ImageUrl) VALUES ('Đá xay', 'kohi_logo.png');
INSERT INTO products (Name, IsTopping, CategoryId, ImageUrl) VALUES ('Black Coffee', 'f', 1, 'kohi_logo.png');
INSERT INTO products (Name, IsTopping, CategoryId, ImageUrl) VALUES ('Milk Tea', 'f', 2, 'kohi_logo.png');
INSERT INTO products (Name, IsTopping, CategoryId, ImageUrl) VALUES ('Green Tea', 'f', 3, 'kohi_logo.png');
INSERT INTO products (Name, IsTopping, CategoryId, ImageUrl) VALUES ('Mango Smoothie', 'f', 4, 'kohi_logo.png');
INSERT INTO products (Name, IsTopping, CategoryId, ImageUrl) VALUES ('Espresso', 'f', 1, 'kohi_logo.png');
INSERT INTO productvariants (ProductId, Size, Price, Cost) VALUES (1, 'Small', 30000, 18000);
INSERT INTO productvariants (ProductId, Size, Price, Cost) VALUES (1, 'Large', 40000, 24000);
INSERT INTO productvariants (ProductId, Size, Price, Cost) VALUES (2, 'Medium', 35000, 21000);
INSERT INTO productvariants (ProductId, Size, Price, Cost) VALUES (3, 'Small', 25000, 15000);
INSERT INTO productvariants (ProductId, Size, Price, Cost) VALUES (4, 'Large', 45000, 27000);
INSERT INTO ingredients (Name, Unit, Description) VALUES ('Milk', 'Liter', 'Fresh milk');
INSERT INTO ingredients (Name, Unit, Description) VALUES ('Sugar', 'Kg', 'Refined sugar');
INSERT INTO ingredients (Name, Unit, Description) VALUES ('Tea Leaves', 'Kg', 'Green tea leaves');
INSERT INTO ingredients (Name, Unit, Description) VALUES ('Coffee Beans', 'Kg', 'Arabica beans');
INSERT INTO ingredients (Name, Unit, Description) VALUES ('Fruit Puree', 'Liter', 'Mixed fruit puree');
INSERT INTO recipedetails (ProductVariantId, IngredientId, Quantity, Unit) VALUES (1, 1, 0.2, 'Liter');
INSERT INTO recipedetails (ProductVariantId, IngredientId, Quantity, Unit) VALUES (2, 2, 0.1, 'Kg');
INSERT INTO recipedetails (ProductVariantId, IngredientId, Quantity, Unit) VALUES (3, 3, 0.15, 'Kg');
INSERT INTO recipedetails (ProductVariantId, IngredientId, Quantity, Unit) VALUES (4, 4, 0.25, 'Kg');
INSERT INTO recipedetails (ProductVariantId, IngredientId, Quantity, Unit) VALUES (5, 5, 0.3, 'Liter');
INSERT INTO customers (Name, Email, Phone, Address) VALUES ('Nguyen Van A', 'a@example.com', 0901234567, 'Hanoi');
INSERT INTO customers (Name, Email, Phone, Address) VALUES ('Tran Thi B', 'b@example.com', 0912345678, 'Ho Chi Minh');
INSERT INTO customers (Name, Email, Phone, Address) VALUES ('Le Van C', 'c@example.com', 0923456789, 'Da Nang');
INSERT INTO customers (Name, Email, Phone, Address) VALUES ('Pham Thi D', 'd@example.com', 0934567890, 'Can Tho');
INSERT INTO customers (Name, Email, Phone, Address) VALUES ('Hoang Van E', 'e@example.com', 0945678901, 'Hai Phong');
INSERT INTO expensecategories (CategoryName, Description) VALUES ('Raw Materials', 'Cost of ingredients');
INSERT INTO expensecategories (CategoryName, Description) VALUES ('Utilities', 'Electricity and water');
INSERT INTO expensecategories (CategoryName, Description) VALUES ('Staff', 'Employee salaries');
INSERT INTO expensecategories (CategoryName, Description) VALUES ('Marketing', 'Advertising costs');
INSERT INTO expensecategories (CategoryName, Description) VALUES ('Equipment', 'Machine maintenance');
INSERT INTO expenses (ExpenseCategoryId, Amount, expensedate) VALUES (1, 5000000, current_timestamp);
INSERT INTO expenses (ExpenseCategoryId, Amount, expensedate) VALUES (2, 2000000, current_timestamp);
INSERT INTO expenses (ExpenseCategoryId, Amount, expensedate) VALUES (3, 10000000, current_timestamp);
INSERT INTO expenses (ExpenseCategoryId, Amount, expensedate) VALUES (4, 3000000, current_timestamp);
INSERT INTO expenses (ExpenseCategoryId, Amount, expensedate) VALUES (5, 4000000, current_timestamp);
INSERT INTO suppliers (Name, Email, Phone, Address) VALUES ('Vinamilk', 'contact@vinamilk.com', 02412345678, 'Hanoi');
INSERT INTO suppliers (Name, Email, Phone, Address) VALUES ('SugarCo', 'info@sugarco.com', 02823456789, 'Ho Chi Minh');
INSERT INTO suppliers (Name, Email, Phone, Address) VALUES ('TeaFarm', 'sales@teafarm.com', 02334567890, 'Da Nang');
INSERT INTO suppliers (Name, Email, Phone, Address) VALUES ('CoffeeBean', 'support@coffeebean.com', 02545678901, 'Can Tho');
INSERT INTO suppliers (Name, Email, Phone, Address) VALUES ('FruitPuree', 'order@fruitpuree.com', 02756789012, 'Hai Phong');
INSERT INTO inbounds (IngredientId, Quantity, SupplierId, Notes, TotalCost, inbounddate, expirydate) VALUES (1, 100, 1, 'Fresh milk batch', 2000000, current_timestamp, current_timestamp);
INSERT INTO inbounds (IngredientId, Quantity, SupplierId, Notes, TotalCost, inbounddate, expirydate) VALUES (2, 50, 2, 'Sugar supply', 3000000, current_timestamp, current_timestamp);
INSERT INTO inbounds (IngredientId, Quantity, SupplierId, Notes, TotalCost, inbounddate, expirydate) VALUES (3, 80, 3, 'Tea leaves', 500000, current_timestamp, current_timestamp);
INSERT INTO inbounds (IngredientId, Quantity, SupplierId, Notes, TotalCost, inbounddate, expirydate) VALUES (4, 60, 4, 'Coffee beans', 100000, current_timestamp, current_timestamp);
INSERT INTO inbounds (IngredientId, Quantity, SupplierId, Notes, TotalCost, inbounddate, expirydate) VALUES (5, 70, 5, 'Fruit puree', 300000, current_timestamp, current_timestamp);
INSERT INTO invoices (CustomerId, TotalAmount, invoicedate) VALUES (1, 150000, current_timestamp);
INSERT INTO invoices (CustomerId, TotalAmount, invoicedate) VALUES (2, 200000, current_timestamp);
INSERT INTO invoices (CustomerId, TotalAmount, invoicedate) VALUES (3, 300000, current_timestamp);
INSERT INTO invoices (CustomerId, TotalAmount, invoicedate) VALUES (4, 250000, current_timestamp);
INSERT INTO invoices (CustomerId, TotalAmount, invoicedate) VALUES (5, 180000, current_timestamp);
INSERT INTO inventories (InboundId, Quantity, inbounddate, expirydate) VALUES (1, 90, current_timestamp, current_timestamp);
INSERT INTO inventories (InboundId, Quantity, inbounddate, expirydate) VALUES (2, 45, current_timestamp, current_timestamp);
INSERT INTO inventories (InboundId, Quantity, inbounddate, expirydate) VALUES (3, 75, current_timestamp, current_timestamp);
INSERT INTO inventories (InboundId, Quantity, inbounddate, expirydate) VALUES (4, 55, current_timestamp, current_timestamp);
INSERT INTO inventories (InboundId, Quantity, inbounddate, expirydate) VALUES (5, 65, current_timestamp, current_timestamp);
INSERT INTO invoicedetails (InvoiceId, ProductId, SugarLevel, IceLevel) VALUES (1, 1, 50, 70);
INSERT INTO invoicedetails (InvoiceId, ProductId, SugarLevel, IceLevel) VALUES (2, 2, 30, 50);
INSERT INTO invoicedetails (InvoiceId, ProductId, SugarLevel, IceLevel) VALUES (3, 3, 40, 60);
INSERT INTO invoicedetails (InvoiceId, ProductId, SugarLevel, IceLevel) VALUES (4, 1, 60, 80);
INSERT INTO invoicedetails (InvoiceId, ProductId, SugarLevel, IceLevel) VALUES (5, 2, 20, 40);
INSERT INTO payments (InvoiceId, Amount, PaymentMethod, paymentdate) VALUES (1, 150000, 'Cash', current_timestamp);
INSERT INTO payments (InvoiceId, Amount, PaymentMethod, paymentdate) VALUES (2, 200000, 'Credit Card', current_timestamp);
INSERT INTO payments (InvoiceId, Amount, PaymentMethod, paymentdate) VALUES (3, 300000, 'Mobile', current_timestamp);
INSERT INTO payments (InvoiceId, Amount, PaymentMethod, paymentdate) VALUES (4, 250000, 'Cash', current_timestamp);
INSERT INTO payments (InvoiceId, Amount, PaymentMethod, paymentdate) VALUES (5, 180000, 'Bank Transfer', current_timestamp);
INSERT INTO ordertoppings (InvoiceDetailId, ProductId) VALUES (1, 2);
INSERT INTO ordertoppings (InvoiceDetailId, ProductId) VALUES (2, 2);
INSERT INTO ordertoppings (InvoiceDetailId, ProductId) VALUES (3, 2);
INSERT INTO ordertoppings (InvoiceDetailId, ProductId) VALUES (4, 2);
INSERT INTO ordertoppings (InvoiceDetailId, ProductId) VALUES (5, 2);
INSERT INTO outbounds (InventoryId, Quantity, Purpose, Notes, outbounddate) VALUES (1, 10, 'Production', 'For black coffee', current_timestamp);
INSERT INTO outbounds (InventoryId, Quantity, Purpose, Notes, outbounddate) VALUES (2, 5, 'Production', 'For milk tea', current_timestamp);
INSERT INTO outbounds (InventoryId, Quantity, Purpose, Notes, outbounddate) VALUES (3, 8, 'Production', 'For green tea', current_timestamp);
INSERT INTO outbounds (InventoryId, Quantity, Purpose, Notes, outbounddate) VALUES (4, 6, 'Production', 'For mango smoothie', current_timestamp);
INSERT INTO outbounds (InventoryId, Quantity, Purpose, Notes, outbounddate) VALUES (5, 7, 'Production', 'For espresso', current_timestamp);
INSERT INTO taxes (TaxName, TaxRate) VALUES ('VAT 10%', '0.10');
INSERT INTO taxes (TaxName, TaxRate) VALUES ('Service Tax 5%', '0.05');
INSERT INTO taxes (TaxName, TaxRate) VALUES ('Special Tax 2%', '0.02');
INSERT INTO taxes (TaxName, TaxRate) VALUES ('No Tax', '0.00');
INSERT INTO taxes (TaxName, TaxRate) VALUES ('VAT 8%', '0.08');
INSERT INTO invoicetaxes (InvoiceId, TaxId) VALUES (1, 1);
INSERT INTO invoicetaxes (InvoiceId, TaxId) VALUES (2, 2);
INSERT INTO invoicetaxes (InvoiceId, TaxId) VALUES (3, 3);
INSERT INTO invoicetaxes (InvoiceId, TaxId) VALUES (4, 4);
INSERT INTO invoicetaxes (InvoiceId, TaxId) VALUES (5, 5);
INSERT INTO checkinventories (InventoryId, ActualQuantity, Notes, checkdate) VALUES (2, 43, 'Thiếu do hao hụt', current_timestamp);
INSERT INTO checkinventories (InventoryId, ActualQuantity, Notes, checkdate) VALUES (4, 55, 'Đủ', current_timestamp);
INSERT INTO checkinventories (InventoryId, ActualQuantity, Notes, checkdate) VALUES (3, 76, 'Dư có thể hoàn kho', current_timestamp);