INSERT INTO categories (Id, Name, ImageUrl) VALUES (1, 'Cà phê', 'kohi_logo.png');
INSERT INTO categories (Id, Name, ImageUrl) VALUES (2, 'Trà sữa', 'kohi_logo.png');
INSERT INTO categories (Id, Name, ImageUrl) VALUES (3, 'Trà', 'kohi_logo.png');
INSERT INTO categories (Id, Name, ImageUrl) VALUES (4, 'Đá xay', 'kohi_logo.png');
INSERT INTO products (Id, Name, IsTopping, CategoryId, ImageUrl) VALUES (1, 'Black Coffee', 'f', 1, 'kohi_logo.png');
INSERT INTO products (Id, Name, IsTopping, CategoryId, ImageUrl) VALUES (2, 'Milk Tea', 'f', 2, 'kohi_logo.png');
INSERT INTO products (Id, Name, IsTopping, CategoryId, ImageUrl) VALUES (3, 'Green Tea', 'f', 3, 'kohi_logo.png');
INSERT INTO products (Id, Name, IsTopping, CategoryId, ImageUrl) VALUES (4, 'Mango Smoothie', 'f', 4, 'kohi_logo.png');
INSERT INTO products (Id, Name, IsTopping, CategoryId, ImageUrl) VALUES (5, 'Espresso', 'f', 1, 'kohi_logo.png');
INSERT INTO productvariants (Id, ProductId, Size, Price, Cost) VALUES (1, 1, 'Small', 30000, 18000);
INSERT INTO productvariants (Id, ProductId, Size, Price, Cost) VALUES (2, 1, 'Large', 40000, 24000);
INSERT INTO productvariants (Id, ProductId, Size, Price, Cost) VALUES (3, 2, 'Medium', 35000, 21000);
INSERT INTO productvariants (Id, ProductId, Size, Price, Cost) VALUES (4, 3, 'Small', 25000, 15000);
INSERT INTO productvariants (Id, ProductId, Size, Price, Cost) VALUES (5, 4, 'Large', 45000, 27000);
INSERT INTO ingredients (Id, Name, Unit, Description) VALUES (1, 'Milk', 'Liter', 'Fresh milk');
INSERT INTO ingredients (Id, Name, Unit, Description) VALUES (2, 'Sugar', 'Kg', 'Refined sugar');
INSERT INTO ingredients (Id, Name, Unit, Description) VALUES (3, 'Tea Leaves', 'Kg', 'Green tea leaves');
INSERT INTO ingredients (Id, Name, Unit, Description) VALUES (4, 'Coffee Beans', 'Kg', 'Arabica beans');
INSERT INTO ingredients (Id, Name, Unit, Description) VALUES (5, 'Fruit Puree', 'Liter', 'Mixed fruit puree');
INSERT INTO recipedetails (Id, ProductVariantId, IngredientId, Quantity, Unit) VALUES (1, 1, 1, 0.2, 'Liter');
INSERT INTO recipedetails (Id, ProductVariantId, IngredientId, Quantity, Unit) VALUES (2, 2, 2, 0.1, 'Kg');
INSERT INTO recipedetails (Id, ProductVariantId, IngredientId, Quantity, Unit) VALUES (3, 3, 3, 0.15, 'Kg');
INSERT INTO recipedetails (Id, ProductVariantId, IngredientId, Quantity, Unit) VALUES (4, 4, 4, 0.25, 'Kg');
INSERT INTO recipedetails (Id, ProductVariantId, IngredientId, Quantity, Unit) VALUES (5, 5, 5, 0.3, 'Liter');
INSERT INTO customers (Id, Name, Email, Phone, Address) VALUES (1, 'Nguyen Van A', 'a@example.com', 0901234567, 'Hanoi');
INSERT INTO customers (Id, Name, Email, Phone, Address) VALUES (2, 'Tran Thi B', 'b@example.com', 0912345678, 'Ho Chi Minh');
INSERT INTO customers (Id, Name, Email, Phone, Address) VALUES (3, 'Le Van C', 'c@example.com', 0923456789, 'Da Nang');
INSERT INTO customers (Id, Name, Email, Phone, Address) VALUES (4, 'Pham Thi D', 'd@example.com', 0934567890, 'Can Tho');
INSERT INTO customers (Id, Name, Email, Phone, Address) VALUES (5, 'Hoang Van E', 'e@example.com', 0945678901, 'Hai Phong');
INSERT INTO expensecategories (Id, CategoryName, Description) VALUES (1, 'Raw Materials', 'Cost of ingredients');
INSERT INTO expensecategories (Id, CategoryName, Description) VALUES (2, 'Utilities', 'Electricity and water');
INSERT INTO expensecategories (Id, CategoryName, Description) VALUES (3, 'Staff', 'Employee salaries');
INSERT INTO expensecategories (Id, CategoryName, Description) VALUES (4, 'Marketing', 'Advertising costs');
INSERT INTO expensecategories (Id, CategoryName, Description) VALUES (5, 'Equipment', 'Machine maintenance');
INSERT INTO expenses (Id, ExpenseCategoryId, Amount, expensedate) VALUES (1, 1, 5000000, current_timestamp);
INSERT INTO expenses (Id, ExpenseCategoryId, Amount, expensedate) VALUES (2, 2, 2000000, current_timestamp);
INSERT INTO expenses (Id, ExpenseCategoryId, Amount, expensedate) VALUES (3, 3, 10000000, current_timestamp);
INSERT INTO expenses (Id, ExpenseCategoryId, Amount, expensedate) VALUES (4, 4, 3000000, current_timestamp);
INSERT INTO expenses (Id, ExpenseCategoryId, Amount, expensedate) VALUES (5, 5, 4000000, current_timestamp);
INSERT INTO suppliers (Id, Name, Email, Phone, Address) VALUES (1, 'Vinamilk', 'contact@vinamilk.com', 02412345678, 'Hanoi');
INSERT INTO suppliers (Id, Name, Email, Phone, Address) VALUES (2, 'SugarCo', 'info@sugarco.com', 02823456789, 'Ho Chi Minh');
INSERT INTO suppliers (Id, Name, Email, Phone, Address) VALUES (3, 'TeaFarm', 'sales@teafarm.com', 02334567890, 'Da Nang');
INSERT INTO suppliers (Id, Name, Email, Phone, Address) VALUES (4, 'CoffeeBean', 'support@coffeebean.com', 02545678901, 'Can Tho');
INSERT INTO suppliers (Id, Name, Email, Phone, Address) VALUES (5, 'FruitPuree', 'order@fruitpuree.com', 02756789012, 'Hai Phong');
INSERT INTO inbounds (Id, IngredientId, Quantity, SupplierId, Notes, TotalCost, inbounddate, expirydate) VALUES (1, 1, 100, 1, 'Fresh milk batch', 2000000, current_timestamp, current_timestamp);
INSERT INTO inbounds (Id, IngredientId, Quantity, SupplierId, Notes, TotalCost, inbounddate, expirydate) VALUES (2, 2, 50, 2, 'Sugar supply', 3000000, current_timestamp, current_timestamp);
INSERT INTO inbounds (Id, IngredientId, Quantity, SupplierId, Notes, TotalCost, inbounddate, expirydate) VALUES (3, 3, 80, 3, 'Tea leaves', 500000, current_timestamp, current_timestamp);
INSERT INTO inbounds (Id, IngredientId, Quantity, SupplierId, Notes, TotalCost, inbounddate, expirydate) VALUES (4, 4, 60, 4, 'Coffee beans', 100000, current_timestamp, current_timestamp);
INSERT INTO inbounds (Id, IngredientId, Quantity, SupplierId, Notes, TotalCost, inbounddate, expirydate) VALUES (5, 5, 70, 5, 'Fruit puree', 300000, current_timestamp, current_timestamp);
INSERT INTO invoices (Id, CustomerId, TotalAmount, invoicedate) VALUES (1, 1, 150000, current_timestamp);
INSERT INTO invoices (Id, CustomerId, TotalAmount, invoicedate) VALUES (2, 2, 200000, current_timestamp);
INSERT INTO invoices (Id, CustomerId, TotalAmount, invoicedate) VALUES (3, 3, 300000, current_timestamp);
INSERT INTO invoices (Id, CustomerId, TotalAmount, invoicedate) VALUES (4, 4, 250000, current_timestamp);
INSERT INTO invoices (Id, CustomerId, TotalAmount, invoicedate) VALUES (5, 5, 180000, current_timestamp);
INSERT INTO inventories (Id, InboundId, Quantity, inbounddate, expirydate) VALUES (1, 1, 90, current_timestamp, current_timestamp);
INSERT INTO inventories (Id, InboundId, Quantity, inbounddate, expirydate) VALUES (2, 2, 45, current_timestamp, current_timestamp);
INSERT INTO inventories (Id, InboundId, Quantity, inbounddate, expirydate) VALUES (3, 3, 75, current_timestamp, current_timestamp);
INSERT INTO inventories (Id, InboundId, Quantity, inbounddate, expirydate) VALUES (4, 4, 55, current_timestamp, current_timestamp);
INSERT INTO inventories (Id, InboundId, Quantity, inbounddate, expirydate) VALUES (5, 5, 65, current_timestamp, current_timestamp);
INSERT INTO invoicedetails (Id, InvoiceId, ProductId, SugarLevel, IceLevel) VALUES (1, 1, 1, 50, 70);
INSERT INTO invoicedetails (Id, InvoiceId, ProductId, SugarLevel, IceLevel) VALUES (2, 2, 2, 30, 50);
INSERT INTO invoicedetails (Id, InvoiceId, ProductId, SugarLevel, IceLevel) VALUES (3, 3, 3, 40, 60);
INSERT INTO invoicedetails (Id, InvoiceId, ProductId, SugarLevel, IceLevel) VALUES (4, 4, 1, 60, 80);
INSERT INTO invoicedetails (Id, InvoiceId, ProductId, SugarLevel, IceLevel) VALUES (5, 5, 2, 20, 40);
INSERT INTO payments (Id, InvoiceId, Amount, PaymentMethod, paymentdate) VALUES (1, 1, 150000, 'Cash', current_timestamp);
INSERT INTO payments (Id, InvoiceId, Amount, PaymentMethod, paymentdate) VALUES (2, 2, 200000, 'Credit Card', current_timestamp);
INSERT INTO payments (Id, InvoiceId, Amount, PaymentMethod, paymentdate) VALUES (3, 3, 300000, 'Mobile', current_timestamp);
INSERT INTO payments (Id, InvoiceId, Amount, PaymentMethod, paymentdate) VALUES (4, 4, 250000, 'Cash', current_timestamp);
INSERT INTO payments (Id, InvoiceId, Amount, PaymentMethod, paymentdate) VALUES (5, 5, 180000, 'Bank Transfer', current_timestamp);
INSERT INTO ordertoppings (Id, InvoiceDetailId, ProductId) VALUES (1, 1, 2);
INSERT INTO ordertoppings (Id, InvoiceDetailId, ProductId) VALUES (2, 2, 2);
INSERT INTO ordertoppings (Id, InvoiceDetailId, ProductId) VALUES (3, 3, 2);
INSERT INTO ordertoppings (Id, InvoiceDetailId, ProductId) VALUES (4, 4, 2);
INSERT INTO ordertoppings (Id, InvoiceDetailId, ProductId) VALUES (5, 5, 2);
INSERT INTO outbounds (Id, InventoryId, Quantity, Purpose, Notes, outbounddate) VALUES (1, 1, 10, 'Production', 'For black coffee', current_timestamp);
INSERT INTO outbounds (Id, InventoryId, Quantity, Purpose, Notes, outbounddate) VALUES (2, 2, 5, 'Production', 'For milk tea', current_timestamp);
INSERT INTO outbounds (Id, InventoryId, Quantity, Purpose, Notes, outbounddate) VALUES (3, 3, 8, 'Production', 'For green tea', current_timestamp);
INSERT INTO outbounds (Id, InventoryId, Quantity, Purpose, Notes, outbounddate) VALUES (4, 4, 6, 'Production', 'For mango smoothie', current_timestamp);
INSERT INTO outbounds (Id, InventoryId, Quantity, Purpose, Notes, outbounddate) VALUES (5, 5, 7, 'Production', 'For espresso', current_timestamp);
INSERT INTO taxes (Id, TaxName, TaxRate) VALUES (1, 'VAT 10%', '0.10');
INSERT INTO taxes (Id, TaxName, TaxRate) VALUES (2, 'Service Tax 5%', '0.05');
INSERT INTO taxes (Id, TaxName, TaxRate) VALUES (3, 'Special Tax 2%', '0.02');
INSERT INTO taxes (Id, TaxName, TaxRate) VALUES (4, 'No Tax', '0.00');
INSERT INTO taxes (Id, TaxName, TaxRate) VALUES (5, 'VAT 8%', '0.08');
INSERT INTO invoicetaxes (Id, InvoiceId, TaxId) VALUES (1, 1, 1);
INSERT INTO invoicetaxes (Id, InvoiceId, TaxId) VALUES (2, 2, 2);
INSERT INTO invoicetaxes (Id, InvoiceId, TaxId) VALUES (3, 3, 3);
INSERT INTO invoicetaxes (Id, InvoiceId, TaxId) VALUES (4, 4, 4);
INSERT INTO invoicetaxes (Id, InvoiceId, TaxId) VALUES (5, 5, 5);
INSERT INTO checkinventories (Id, InventoryId, ActualQuantity, Notes, checkdate) VALUES (1, 2, 43, 'Thiếu do hao hụt', current_timestamp);
INSERT INTO checkinventories (Id, InventoryId, ActualQuantity, Notes, checkdate) VALUES (2, 4, 55, 'Đủ', current_timestamp);
INSERT INTO checkinventories (Id, InventoryId, ActualQuantity, Notes, checkdate) VALUES (3, 3, 76, 'Dư có thể hoàn kho', current_timestamp);