INSERT INTO categories (Name, ImageUrl) VALUES ('Cà phê', 'coffee.jpg');
INSERT INTO categories (Name, ImageUrl) VALUES ('Trà sữa', 'milk_tea.jpg');
INSERT INTO categories (Name, ImageUrl) VALUES ('Trà', 'tea.jpg');
INSERT INTO categories (Name, ImageUrl) VALUES ('Đá xay', 'freeze.jpg');
INSERT INTO categories (Name, ImageUrl) VALUES ('Nước ép', 'juice.jpg');
INSERT INTO categories (Name, ImageUrl) VALUES ('Sinh tố', 'smoothie.jpg');
INSERT INTO categories (Name, ImageUrl) VALUES ('Soda', 'soda.jpg');
INSERT INTO products (Name, IsTopping, CategoryId, ImageUrl) VALUES ('Cà phê đen', 'f', 1, 'coffee.jpg');
INSERT INTO products (Name, IsTopping, CategoryId, ImageUrl) VALUES ('Trà sữa', 'f', 2, 'milk_tea.jpg');
INSERT INTO products (Name, IsTopping, CategoryId, ImageUrl) VALUES ('Trà chanh', 'f', 3, 'tea.jpg');
INSERT INTO products (Name, IsTopping, CategoryId, ImageUrl) VALUES ('Đá xay oreo', 'f', 4, 'freeze.jpg');
INSERT INTO products (Name, IsTopping, CategoryId, ImageUrl) VALUES ('Cà phê espresso', 'f', 1, 'kohi_logo.png');
INSERT INTO products (Name, IsTopping, CategoryId, ImageUrl) VALUES ('Thạch trân châu', 't', 2, 'kohi_logo.png');
INSERT INTO products (Name, IsTopping, CategoryId, ImageUrl) VALUES ('Thạch củ năng', 't', 2, 'kohi_logo.png');
INSERT INTO products (Name, IsTopping, CategoryId, ImageUrl) VALUES ('Nước ép cam', 'f', 5, 'juice.jpg');
INSERT INTO products (Name, IsTopping, CategoryId, ImageUrl) VALUES ('Sinh tố xoài', 'f', 6, 'smoothie.jpg');
INSERT INTO products (Name, IsTopping, CategoryId, ImageUrl) VALUES ('Soda chanh', 'f', 7, 'soda.jpg');
INSERT INTO products (Name, IsTopping, CategoryId, ImageUrl) VALUES ('Cà phê sữa đá', 'f', 1, 'coffee.jpg');
INSERT INTO products (Name, IsTopping, CategoryId, ImageUrl) VALUES ('Trà đào', 'f', 3, 'tea.jpg');
INSERT INTO products (Name, IsTopping, CategoryId, ImageUrl) VALUES ('Trà sữa matcha', 'f', 2, 'milk_tea.jpg');
INSERT INTO products (Name, IsTopping, CategoryId, ImageUrl) VALUES ('Đá xay dâu', 'f', 4, 'freeze.jpg');
INSERT INTO products (Name, IsTopping, CategoryId, ImageUrl) VALUES ('Nước ép táo', 'f', 5, 'juice.jpg');
INSERT INTO products (Name, IsTopping, CategoryId, ImageUrl) VALUES ('Sinh tố dâu tây', 'f', 6, 'smoothie.jpg');
INSERT INTO products (Name, IsTopping, CategoryId, ImageUrl) VALUES ('Soda bạc hà', 'f', 7, 'soda.jpg');
INSERT INTO products (Name, IsTopping, CategoryId, ImageUrl) VALUES ('Cà phê latte', 'f', 1, 'coffee.jpg');
INSERT INTO products (Name, IsTopping, CategoryId, ImageUrl) VALUES ('Trà ô long', 'f', 3, 'tea.jpg');
INSERT INTO products (Name, IsTopping, CategoryId, ImageUrl) VALUES ('Trà sữa ô long', 'f', 2, 'milk_tea.jpg');
INSERT INTO products (Name, IsTopping, CategoryId, ImageUrl) VALUES ('Đá xay chocolate', 'f', 4, 'freeze.jpg');
INSERT INTO products (Name, IsTopping, CategoryId, ImageUrl) VALUES ('Nước ép dưa hấu', 'f', 5, 'juice.jpg');
INSERT INTO products (Name, IsTopping, CategoryId, ImageUrl) VALUES ('Sinh tố chanh dây', 'f', 6, 'smoothie.jpg');
INSERT INTO products (Name, IsTopping, CategoryId, ImageUrl) VALUES ('Soda dâu', 'f', 7, 'soda.jpg');
INSERT INTO products (Name, IsTopping, CategoryId, ImageUrl) VALUES ('Thạch dừa', 't', 2, 'kohi_logo.png');
INSERT INTO productvariants (ProductId, Size, Price, Cost) VALUES (1, 'Size S', 30000, 18000);
INSERT INTO productvariants (ProductId, Size, Price, Cost) VALUES (1, 'Size L', 40000, 24000);
INSERT INTO productvariants (ProductId, Size, Price, Cost) VALUES (2, 'Size M', 35000, 21000);
INSERT INTO productvariants (ProductId, Size, Price, Cost) VALUES (3, 'Size S', 25000, 15000);
INSERT INTO productvariants (ProductId, Size, Price, Cost) VALUES (4, 'Size S', 45000, 27000);
INSERT INTO productvariants (ProductId, Size, Price, Cost) VALUES (5, 'Size S', 45000, 27000);
INSERT INTO productvariants (ProductId, Size, Price, Cost) VALUES (6, 'Không', 5000, 2000);
INSERT INTO productvariants (ProductId, Size, Price, Cost) VALUES (7, 'Không', 5000, 2000);
INSERT INTO productvariants (ProductId, Size, Price, Cost) VALUES (8, 'Size M', 40000, 24000);
INSERT INTO productvariants (ProductId, Size, Price, Cost) VALUES (9, 'Size S', 45000, 27000);
INSERT INTO productvariants (ProductId, Size, Price, Cost) VALUES (10, 'Size S', 35000, 21000);
INSERT INTO productvariants (ProductId, Size, Price, Cost) VALUES (11, 'Size L', 45000, 27000);
INSERT INTO productvariants (ProductId, Size, Price, Cost) VALUES (12, 'Size M', 30000, 18000);
INSERT INTO productvariants (ProductId, Size, Price, Cost) VALUES (13, 'Size S', 35000, 21000);
INSERT INTO productvariants (ProductId, Size, Price, Cost) VALUES (14, 'Size S', 45000, 27000);
INSERT INTO productvariants (ProductId, Size, Price, Cost) VALUES (15, 'Size M', 40000, 24000);
INSERT INTO productvariants (ProductId, Size, Price, Cost) VALUES (16, 'Size S', 45000, 27000);
INSERT INTO productvariants (ProductId, Size, Price, Cost) VALUES (17, 'Size S', 35000, 21000);
INSERT INTO productvariants (ProductId, Size, Price, Cost) VALUES (18, 'Size M', 45000, 27000);
INSERT INTO productvariants (ProductId, Size, Price, Cost) VALUES (19, 'Size S', 30000, 18000);
INSERT INTO productvariants (ProductId, Size, Price, Cost) VALUES (20, 'Size S', 35000, 21000);
INSERT INTO productvariants (ProductId, Size, Price, Cost) VALUES (21, 'Size S', 45000, 27000);
INSERT INTO productvariants (ProductId, Size, Price, Cost) VALUES (22, 'Size M', 40000, 24000);
INSERT INTO productvariants (ProductId, Size, Price, Cost) VALUES (23, 'Size S', 45000, 27000);
INSERT INTO productvariants (ProductId, Size, Price, Cost) VALUES (24, 'Size S', 15000, 12000);
INSERT INTO productvariants (ProductId, Size, Price, Cost) VALUES (25, 'Không', 5000, 2000);
INSERT INTO ingredients (Name, Unit, Description) VALUES ('Sữa', 'lít', 'Sữa tươi');
INSERT INTO ingredients (Name, Unit, Description) VALUES ('Đường', 'kg', 'Đường trắng');
INSERT INTO ingredients (Name, Unit, Description) VALUES ('Lá trà', 'kg', 'Lá trà xanh');
INSERT INTO ingredients (Name, Unit, Description) VALUES ('Hạt cà phê', 'kg', 'Hạt Arabica');
INSERT INTO ingredients (Name, Unit, Description) VALUES ('Sốt trái cây', 'lít', 'Sốt trái cây tổng hợp');
INSERT INTO ingredients (Name, Unit, Description) VALUES ('Kem tươi', 'lít', 'Kem sữa béo');
INSERT INTO ingredients (Name, Unit, Description) VALUES ('Siro dâu', 'lít', 'Siro dâu tây');
INSERT INTO ingredients (Name, Unit, Description) VALUES ('Siro bạc hà', 'lít', 'Siro bạc hà tươi');
INSERT INTO ingredients (Name, Unit, Description) VALUES ('Trân châu đen', 'kg', 'Trân châu dai giòn');
INSERT INTO ingredients (Name, Unit, Description) VALUES ('Thạch trái cây', 'kg', 'Thạch trái cây tổng hợp');
INSERT INTO ingredients (Name, Unit, Description) VALUES ('Đá viên', 'kg', 'Đá sạch');
INSERT INTO ingredients (Name, Unit, Description) VALUES ('Chanh tươi', 'kg', 'Chanh tươi tự nhiên');
INSERT INTO ingredients (Name, Unit, Description) VALUES ('Mật ong', 'lít', 'Mật ong nguyên chất');
INSERT INTO ingredients (Name, Unit, Description) VALUES ('Sữa đặc', 'lít', 'Sữa đặc có đường');
INSERT INTO ingredients (Name, Unit, Description) VALUES ('Bột cacao', 'kg', 'Bột cacao nguyên chất');
INSERT INTO ingredients (Name, Unit, Description) VALUES ('Bột matcha', 'kg', 'Bột trà xanh Nhật Bản');
INSERT INTO ingredients (Name, Unit, Description) VALUES ('Dâu tây tươi', 'kg', 'Dâu tây Đà Lạt');
INSERT INTO ingredients (Name, Unit, Description) VALUES ('Xoài tươi', 'kg', 'Xoài cát Hòa Lộc');
INSERT INTO ingredients (Name, Unit, Description) VALUES ('Cam tươi', 'kg', 'Cam sành');
INSERT INTO ingredients (Name, Unit, Description) VALUES ('Táo tươi', 'kg', 'Táo nhập khẩu');
INSERT INTO ingredients (Name, Unit, Description) VALUES ('Nước dừa', 'lít', 'Nước dừa tươi');
INSERT INTO ingredients (Name, Unit, Description) VALUES ('Siro vani', 'lít', 'Siro vani thơm');
INSERT INTO ingredients (Name, Unit, Description) VALUES ('Hạt chia', 'kg', 'Hạt chia hữu cơ');
INSERT INTO ingredients (Name, Unit, Description) VALUES ('Sữa chua', 'lít', 'Sữa chua tự nhiên');
INSERT INTO ingredients (Name, Unit, Description) VALUES ('Bột quế', 'kg', 'Bột quế thơm');
INSERT INTO recipedetails (ProductVariantId, IngredientId, Quantity, Unit) VALUES (1, 1, 0.2, 'lít');
INSERT INTO recipedetails (ProductVariantId, IngredientId, Quantity, Unit) VALUES (2, 2, 0.1, 'kg');
INSERT INTO recipedetails (ProductVariantId, IngredientId, Quantity, Unit) VALUES (3, 3, 0.15, 'kg');
INSERT INTO recipedetails (ProductVariantId, IngredientId, Quantity, Unit) VALUES (4, 4, 0.25, 'kg');
INSERT INTO recipedetails (ProductVariantId, IngredientId, Quantity, Unit) VALUES (5, 5, 0.3, 'lít');
INSERT INTO recipedetails (ProductVariantId, IngredientId, Quantity, Unit) VALUES (6, 6, 0.2, 'lít');
INSERT INTO recipedetails (ProductVariantId, IngredientId, Quantity, Unit) VALUES (7, 7, 0.05, 'lít');
INSERT INTO recipedetails (ProductVariantId, IngredientId, Quantity, Unit) VALUES (8, 8, 0.05, 'lít');
INSERT INTO recipedetails (ProductVariantId, IngredientId, Quantity, Unit) VALUES (9, 9, 0.1, 'kg');
INSERT INTO recipedetails (ProductVariantId, IngredientId, Quantity, Unit) VALUES (10, 10, 0.1, 'kg');
INSERT INTO recipedetails (ProductVariantId, IngredientId, Quantity, Unit) VALUES (11, 11, 0.5, 'kg');
INSERT INTO recipedetails (ProductVariantId, IngredientId, Quantity, Unit) VALUES (12, 12, 0.2, 'kg');
INSERT INTO recipedetails (ProductVariantId, IngredientId, Quantity, Unit) VALUES (13, 13, 0.05, 'lít');
INSERT INTO recipedetails (ProductVariantId, IngredientId, Quantity, Unit) VALUES (14, 14, 0.1, 'lít');
INSERT INTO recipedetails (ProductVariantId, IngredientId, Quantity, Unit) VALUES (15, 15, 0.05, 'kg');
INSERT INTO recipedetails (ProductVariantId, IngredientId, Quantity, Unit) VALUES (16, 16, 0.05, 'kg');
INSERT INTO recipedetails (ProductVariantId, IngredientId, Quantity, Unit) VALUES (17, 17, 0.2, 'kg');
INSERT INTO recipedetails (ProductVariantId, IngredientId, Quantity, Unit) VALUES (18, 18, 0.2, 'kg');
INSERT INTO recipedetails (ProductVariantId, IngredientId, Quantity, Unit) VALUES (19, 19, 0.2, 'kg');
INSERT INTO recipedetails (ProductVariantId, IngredientId, Quantity, Unit) VALUES (20, 20, 0.2, 'kg');
INSERT INTO recipedetails (ProductVariantId, IngredientId, Quantity, Unit) VALUES (21, 21, 0.3, 'lít');
INSERT INTO recipedetails (ProductVariantId, IngredientId, Quantity, Unit) VALUES (22, 22, 0.05, 'lít');
INSERT INTO recipedetails (ProductVariantId, IngredientId, Quantity, Unit) VALUES (23, 23, 0.05, 'kg');
INSERT INTO recipedetails (ProductVariantId, IngredientId, Quantity, Unit) VALUES (24, 24, 0.2, 'lít');
INSERT INTO recipedetails (ProductVariantId, IngredientId, Quantity, Unit) VALUES (25, 25, 0.02, 'kg');
INSERT INTO customers (Name, Email, Phone, Address) VALUES ('Nguyen Van A', 'a@example.com', '0901234567', 'Phố Hàng Bông, Phường Hàng Gai, Hanoi');
INSERT INTO customers (Name, Email, Phone, Address) VALUES ('Tran Thi B', 'b@example.com', '0912345678', 'Đường Nguyễn Huệ, Phường Bến Nghé, Ho Chi Minh');
INSERT INTO customers (Name, Email, Phone, Address) VALUES ('Le Van pot thi C', 'c@example.com', '0923456789', 'Đường Lê Lợi, Phường Hải Châu I, Da Nang');
INSERT INTO customers (Name, Email, Phone, Address) VALUES ('Pham Thi D', 'd@example.com', '0934567890', 'Đường 30/4, Phường Hưng Lợi, Can Tho');
INSERT INTO customers (Name, Email, Phone, Address) VALUES ('Hoang Van E', 'e@example.com', '0945678901', 'Phố Cát Dài, Phường Cát Dài, Hai Phong');
INSERT INTO customers (Name, Email, Phone, Address) VALUES ('Vu Thi F', 'f@example.com', '0956789012', 'Đường Trần Phú, Phường Lộc Thọ, Hue');
INSERT INTO customers (Name, Email, Phone, Address) VALUES ('Do Van G', 'g@example.com', '0967890123', 'Đường Hùng Vương, Phường Lộc Thọ, Nha Trang');
INSERT INTO customers (Name, Email, Phone, Address) VALUES ('Bui Thi H', 'h@example.com', '0978901234', 'Đường Lê Đại Hành, Phường Long Bình, Vung Tau');
INSERT INTO customers (Name, Email, Phone, Address) VALUES ('Ngo Van I', 'i@example.com', '0989012345', 'Đường Nguyễn Văn Cừ, Phường Cẩm Đông, Quang Ninh');
INSERT INTO customers (Name, Email, Phone, Address) VALUES ('Dang Thi J', 'j@example.com', '0990123456', 'Đường Nguyễn Trãi, Phường Đại Phúc, Bac Ninh');
INSERT INTO customers (Name, Email, Phone, Address) VALUES ('Trinh Van K', 'k@example.com', '0902234567', 'Phố Lò Đúc, Phường Phạm Đình Hổ, Hanoi');
INSERT INTO customers (Name, Email, Phone, Address) VALUES ('Ly Thi L', 'l@example.com', '0913345678', 'Đường Võ Văn Tần, Phường 5, HCMC');
INSERT INTO customers (Name, Email, Phone, Address) VALUES ('Cao Van M', 'm@example.com', '0924456789', 'Đường Nguyễn Tất Thành, Phường Thanh Khê Đông, Da Nang');
INSERT INTO customers (Name, Email, Phone, Address) VALUES ('Duong Thi N', 'n@example.com', '0935567890', 'Đường Lê Văn Sỹ, Phường Thốt Nốt, Can Tho');
INSERT INTO customers (Name, Email, Phone, Address) VALUES ('Phan Van O', 'o@example.com', '0946678901', 'Đường Minh Khai, Phường Đông Hải, Hai Phong');
INSERT INTO customers (Name, Email, Phone, Address) VALUES ('Nguyen Thi P', 'p@example.com', '0957789012', 'Đường Hàm Nghi, Phường Phú Cường, Hue');
INSERT INTO customers (Name, Email, Phone, Address) VALUES ('Tran Van Q', 'q@example.com', '0968890123', 'Đường Yersin, Phường Vĩnh Thọ, Nha Trang');
INSERT INTO customers (Name, Email, Phone, Address) VALUES ('Le Thi R', 'r@example.com', '0979901234', 'Đường Nguyễn Công Trứ, Phường Thắng Nhì, Vung Tau');
INSERT INTO customers (Name, Email, Phone, Address) VALUES ('Pham Van S', 's@example.com', '0980012345', 'Đường Trần Hưng Đạo, Phường Hồng Gai, Quang Ninh');
INSERT INTO customers (Name, Email, Phone, Address) VALUES ('Hoang Thi T', 't@example.com', '0991123456', 'Đường Lý Thường Kiệt, Phường Vũ Ninh, Bac Ninh');
INSERT INTO expensecategories (CategoryName, Description) VALUES ('Nguyên liệu', 'Chi phí nguyên liệu');
INSERT INTO expensecategories (CategoryName, Description) VALUES ('Tiện ích', 'Chi phí điện nước');
INSERT INTO expensecategories (CategoryName, Description) VALUES ('Nhân viên', 'Lương nhân viên');
INSERT INTO expensecategories (CategoryName, Description) VALUES ('Tiếp thị', 'Chi phí quảng cáo');
INSERT INTO expensecategories (CategoryName, Description) VALUES ('Thiết bị', 'Bảo trì máy móc');
INSERT INTO expenses (ExpenseCategoryId, Amount, expensedate) VALUES (1, 5000000, '2024-05-01 08:00:00');
INSERT INTO expenses (ExpenseCategoryId, Amount, expensedate) VALUES (2, 2000000, '2024-06-15 09:00:00');
INSERT INTO expenses (ExpenseCategoryId, Amount, expensedate) VALUES (3, 10000000, '2024-07-20 10:00:00');
INSERT INTO expenses (ExpenseCategoryId, Amount, expensedate) VALUES (4, 3000000, '2024-08-10 11:00:00');
INSERT INTO expenses (ExpenseCategoryId, Amount, expensedate) VALUES (5, 4000000, '2024-09-05 12:00:00');
INSERT INTO expenses (ExpenseCategoryId, Amount, expensedate) VALUES (1, 6000000, '2024-10-01 13:00:00');
INSERT INTO expenses (ExpenseCategoryId, Amount, expensedate) VALUES (3, 9000000, '2024-11-15 14:00:00');
INSERT INTO expenses (ExpenseCategoryId, Amount, expensedate) VALUES (2, 8000000, '2024-12-20 15:00:00');
INSERT INTO expenses (ExpenseCategoryId, Amount, expensedate) VALUES (3, 2500000, '2025-01-10 16:00:00');
INSERT INTO expenses (ExpenseCategoryId, Amount, expensedate) VALUES (2, 1500000, '2025-02-05 17:00:00');
INSERT INTO expenses (ExpenseCategoryId, Amount, expensedate) VALUES (5, 500000, '2025-03-01 18:00:00');
INSERT INTO expenses (ExpenseCategoryId, Amount, expensedate) VALUES (4, 3500000, '2024-04-15 19:00:00');
INSERT INTO expenses (ExpenseCategoryId, Amount, expensedate) VALUES (4, 1200000, '2024-05-25 20:00:00');
INSERT INTO expenses (ExpenseCategoryId, Amount, expensedate) VALUES (1, 600000, '2024-06-30 21:00:00');
INSERT INTO expenses (ExpenseCategoryId, Amount, expensedate) VALUES (5, 4500000, '2025-04-10 22:00:00');
INSERT INTO suppliers (Name, Email, Phone, Address) VALUES ('Vinamilk', 'contact@vinamilk.com', '02412345678', 'Hanoi');
INSERT INTO suppliers (Name, Email, Phone, Address) VALUES ('SugarCo', 'info@sugarco.com', '02823456789', 'Ho Chi Minh');
INSERT INTO suppliers (Name, Email, Phone, Address) VALUES ('TeaFarm', 'sales@teafarm.com', '02334567890', 'Da Nang');
INSERT INTO suppliers (Name, Email, Phone, Address) VALUES ('CoffeeBean', 'support@coffeebean.com', '02545678901', 'Can Tho');
INSERT INTO suppliers (Name, Email, Phone, Address) VALUES ('FruitPuree', 'order@fruitpuree.com', '02756789012', 'Hai Phong');
INSERT INTO suppliers (Name, Email, Phone, Address) VALUES ('DairyFarm', 'info@dairyfarm.com', '02967890123', 'Long An');
INSERT INTO suppliers (Name, Email, Phone, Address) VALUES ('SyrupCo', 'sales@syrupco.com', '02178901234', 'Hue');
INSERT INTO suppliers (Name, Email, Phone, Address) VALUES ('FreshFruit', 'contact@freshfruit.com', '02289012345', 'Tien Giang');
INSERT INTO suppliers (Name, Email, Phone, Address) VALUES ('IceSupply', 'info@icesupply.com', '02490123456', 'Hanoi');
INSERT INTO suppliers (Name, Email, Phone, Address) VALUES ('HoneyBee', 'sales@honeybee.com', '02601234567', 'Lam Dong');
INSERT INTO suppliers (Name, Email, Phone, Address) VALUES ('CocoaWorld', 'order@cocoaworld.com', '02812345678', 'Binh Duong');
INSERT INTO suppliers (Name, Email, Phone, Address) VALUES ('MatchaJapan', 'info@matchajapan.com', '02923456789', 'Da Lat');
INSERT INTO suppliers (Name, Email, Phone, Address) VALUES ('StrawberryFarm', 'sales@strawberryfarm.com', '02134567890', 'Da Nang');
INSERT INTO suppliers (Name, Email, Phone, Address) VALUES ('MangoGrow', 'contact@mangogrow.com', '02345678901', 'Dong Thap');
INSERT INTO suppliers (Name, Email, Phone, Address) VALUES ('OrangeField', 'info@orangefield.com', '02556789012', 'Vinh Long');
INSERT INTO suppliers (Name, Email, Phone, Address) VALUES ('AppleImport', 'order@appleimport.com', '02767890123', 'HCMC');
INSERT INTO suppliers (Name, Email, Phone, Address) VALUES ('CoconutWater', 'sales@coconutwater.com', '02978901234', 'Ben Tre');
INSERT INTO suppliers (Name, Email, Phone, Address) VALUES ('VaniCo', 'info@vanico.com', '02189012345', 'Nha Trang');
INSERT INTO suppliers (Name, Email, Phone, Address) VALUES ('ChiaSeed', 'contact@chiaseed.com', '02390123456', 'Quang Nam');
INSERT INTO suppliers (Name, Email, Phone, Address) VALUES ('YogurtCo', 'sales@yogurtco.com', '02501234567', 'Binh Thuan');
INSERT INTO suppliers (Name, Email, Phone, Address) VALUES ('CinnamonSpice', 'info@cinnamonspice.com', '02712345678', 'Hanoi');
INSERT INTO suppliers (Name, Email, Phone, Address) VALUES ('TeaHill', 'order@teahill.com', '02923456789', 'Thai Nguyen');
INSERT INTO suppliers (Name, Email, Phone, Address) VALUES ('BeanRoast', 'contact@beanroast.com', '02134567890', 'Gia Lai');
INSERT INTO suppliers (Name, Email, Phone, Address) VALUES ('SyrupBerry', 'sales@syrupberry.com', '02345678901', 'HCMC');
INSERT INTO suppliers (Name, Email, Phone, Address) VALUES ('FreshMint', 'info@freshmint.com', '02556789012', 'Da Nang');
INSERT INTO inbounds (IngredientId, Quantity, SupplierId, Notes, TotalCost, inbounddate, expirydate) VALUES (1, 100, 1, 'Lô sữa tươi', 2000000, '2024-05-01 08:00:00', '2025-05-01 08:00:00');
INSERT INTO inbounds (IngredientId, Quantity, SupplierId, Notes, TotalCost, inbounddate, expirydate) VALUES (2, 50, 2, 'Đường trắng', 3000000, '2024-06-15 09:00:00', '2025-06-15 09:00:00');
INSERT INTO inbounds (IngredientId, Quantity, SupplierId, Notes, TotalCost, inbounddate, expirydate) VALUES (3, 80, 3, 'Lá trà', 500000, '2024-07-20 10:00:00', '2025-07-20 10:00:00');
INSERT INTO inbounds (IngredientId, Quantity, SupplierId, Notes, TotalCost, inbounddate, expirydate) VALUES (4, 60, 4, 'Hạt cà phê', 100000, '2024-08-10 11:00:00', '2025-08-10 11:00:00');
INSERT INTO inbounds (IngredientId, Quantity, SupplierId, Notes, TotalCost, inbounddate, expirydate) VALUES (5, 70, 5, 'Sốt trái cây', 300000, '2024-09-05 12:00:00', '2025-09-05 12:00:00');
INSERT INTO inbounds (IngredientId, Quantity, SupplierId, Notes, TotalCost, inbounddate, expirydate) VALUES (6, 50, 6, 'Kem tươi', 2500000, '2024-10-01 13:00:00', '2025-10-01 13:00:00');
INSERT INTO inbounds (IngredientId, Quantity, SupplierId, Notes, TotalCost, inbounddate, expirydate) VALUES (7, 30, 7, 'Siro dâu', 1500000, '2024-11-15 14:00:00', '2025-11-15 14:00:00');
INSERT INTO inbounds (IngredientId, Quantity, SupplierId, Notes, TotalCost, inbounddate, expirydate) VALUES (8, 20, 8, 'Siro bạc hà', 1000000, '2024-12-20 15:00:00', '2025-12-20 15:00:00');
INSERT INTO inbounds (IngredientId, Quantity, SupplierId, Notes, TotalCost, inbounddate, expirydate) VALUES (9, 40, 9, 'Trân châu đen', 800000, '2025-01-10 16:00:00', '2026-01-10 16:00:00');
INSERT INTO inbounds (IngredientId, Quantity, SupplierId, Notes, TotalCost, inbounddate, expirydate) VALUES (10, 25, 10, 'Thạch trái cây', 500000, '2025-02-05 17:00:00', '2026-02-05 17:00:00');
INSERT INTO inbounds (IngredientId, Quantity, SupplierId, Notes, TotalCost, inbounddate, expirydate) VALUES (11, 100, 11, 'Đá viên', 200000, '2025-03-01 18:00:00', '2026-03-01 18:00:00');
INSERT INTO inbounds (IngredientId, Quantity, SupplierId, Notes, TotalCost, inbounddate, expirydate) VALUES (12, 30, 12, 'Chanh tươi', 600000, '2024-04-15 19:00:00', '2025-04-15 19:00:00');
INSERT INTO inbounds (IngredientId, Quantity, SupplierId, Notes, TotalCost, inbounddate, expirydate) VALUES (13, 20, 13, 'Mật ong', 1200000, '2024-05-20 20:00:00', '2025-05-20 20:00:00');
INSERT INTO inbounds (IngredientId, Quantity, SupplierId, Notes, TotalCost, inbounddate, expirydate) VALUES (14, 50, 14, 'Sữa đặc', 1000000, '2024-06-25 21:00:00', '2025-06-25 21:00:00');
INSERT INTO inbounds (IngredientId, Quantity, SupplierId, Notes, TotalCost, inbounddate, expirydate) VALUES (15, 15, 15, 'Bột cacao', 900000, '2024-07-30 22:00:00', '2025-07-30 22:00:00');
INSERT INTO inbounds (IngredientId, Quantity, SupplierId, Notes, TotalCost, inbounddate, expirydate) VALUES (16, 10, 16, 'Bột matcha', 1500000, '2024-08-05 23:00:00', '2025-08-05 23:00:00');
INSERT INTO inbounds (IngredientId, Quantity, SupplierId, Notes, TotalCost, inbounddate, expirydate) VALUES (17, 20, 17, 'Dâu tây tươi', 800000, '2024-09-10 08:00:00', '2025-09-10 08:00:00');
INSERT INTO inbounds (IngredientId, Quantity, SupplierId, Notes, TotalCost, inbounddate, expirydate) VALUES (18, 30, 18, 'Xoài tươi', 600000, '2024-10-15 09:00:00', '2025-10-15 09:00:00');
INSERT INTO inbounds (IngredientId, Quantity, SupplierId, Notes, TotalCost, inbounddate, expirydate) VALUES (19, 40, 19, 'Cam tươi', 400000, '2024-11-20 10:00:00', '2025-11-20 10:00:00');
INSERT INTO inbounds (IngredientId, Quantity, SupplierId, Notes, TotalCost, inbounddate, expirydate) VALUES (20, 25, 20, 'Táo tươi', 500000, '2024-12-25 11:00:00', '2025-12-25 11:00:00');
INSERT INTO inbounds (IngredientId, Quantity, SupplierId, Notes, TotalCost, inbounddate, expirydate) VALUES (20, 25, 20, 'Táo tươi', 300000, '2024-12-25 11:00:00', '2025-12-25 11:00:00');
INSERT INTO invoices (CustomerId, TotalAmount, invoicedate, createdat, OrderType, PaymentMethod) VALUES (1, 150000, current_timestamp, current_timestamp, 'Tại chỗ', 'Chuyển khoản');
INSERT INTO invoices (CustomerId, TotalAmount, invoicedate, createdat, OrderType, PaymentMethod) VALUES (2, 200000, current_timestamp, current_timestamp, 'Tại chỗ', 'Chuyển khoản');
INSERT INTO invoices (CustomerId, TotalAmount, invoicedate, createdat, OrderType, PaymentMethod) VALUES (3, 300000, current_timestamp, current_timestamp, 'Giao hàng', 'Tiền mặt');
INSERT INTO invoices (CustomerId, TotalAmount, invoicedate, createdat, OrderType, PaymentMethod) VALUES (4, 250000, current_timestamp, current_timestamp, 'Giao hàng', 'Chuyển khoản');
INSERT INTO invoices (CustomerId, TotalAmount, invoicedate, createdat, OrderType, PaymentMethod) VALUES (5, 180000, current_timestamp, current_timestamp, 'Tại chỗ', 'Tiền mặt');
INSERT INTO inventories (InboundId, Quantity, inbounddate, expirydate) VALUES (1, 90, '2024-05-01 08:00:00', '2025-05-01 08:00:00');
INSERT INTO inventories (InboundId, Quantity, inbounddate, expirydate) VALUES (2, 45, '2024-06-15 09:00:00', '2025-06-15 09:00:00');
INSERT INTO inventories (InboundId, Quantity, inbounddate, expirydate) VALUES (3, 75, '2024-07-20 10:00:00', '2025-07-20 10:00:00');
INSERT INTO inventories (InboundId, Quantity, inbounddate, expirydate) VALUES (4, 55, '2024-08-10 11:00:00', '2025-08-10 11:00:00');
INSERT INTO inventories (InboundId, Quantity, inbounddate, expirydate) VALUES (5, 65, '2024-09-05 12:00:00', '2025-09-05 12:00:00');
INSERT INTO inventories (InboundId, Quantity, inbounddate, expirydate) VALUES (6, 45, '2024-10-01 13:00:00', '2025-10-01 13:00:00');
INSERT INTO inventories (InboundId, Quantity, inbounddate, expirydate) VALUES (7, 28, '2024-11-15 14:00:00', '2025-11-15 14:00:00');
INSERT INTO inventories (InboundId, Quantity, inbounddate, expirydate) VALUES (8, 18, '2024-12-20 15:00:00', '2025-12-20 15:00:00');
INSERT INTO inventories (InboundId, Quantity, inbounddate, expirydate) VALUES (9, 38, '2025-01-10 16:00:00', '2026-01-10 16:00:00');
INSERT INTO inventories (InboundId, Quantity, inbounddate, expirydate) VALUES (10, 23, '2025-02-05 17:00:00', '2026-02-05 17:00:00');
INSERT INTO inventories (InboundId, Quantity, inbounddate, expirydate) VALUES (11, 95, '2025-03-01 18:00:00', '2026-03-01 18:00:00');
INSERT INTO inventories (InboundId, Quantity, inbounddate, expirydate) VALUES (12, 28, '2024-04-15 19:00:00', '2025-04-15 19:00:00');
INSERT INTO inventories (InboundId, Quantity, inbounddate, expirydate) VALUES (13, 18, '2024-05-20 20:00:00', '2025-05-20 20:00:00');
INSERT INTO inventories (InboundId, Quantity, inbounddate, expirydate) VALUES (14, 48, '2024-06-25 21:00:00', '2025-06-25 21:00:00');
INSERT INTO inventories (InboundId, Quantity, inbounddate, expirydate) VALUES (15, 14, '2024-07-30 22:00:00', '2025-07-30 22:00:00');
INSERT INTO inventories (InboundId, Quantity, inbounddate, expirydate) VALUES (16, 9, '2024-08-05 23:00:00', '2025-08-05 23:00:00');
INSERT INTO inventories (InboundId, Quantity, inbounddate, expirydate) VALUES (17, 18, '2024-09-10 08:00:00', '2025-09-10 08:00:00');
INSERT INTO inventories (InboundId, Quantity, inbounddate, expirydate) VALUES (18, 28, '2024-10-15 09:00:00', '2025-10-15 09:00:00');
INSERT INTO inventories (InboundId, Quantity, inbounddate, expirydate) VALUES (19, 38, '2024-11-20 10:00:00', '2025-11-20 10:00:00');
INSERT INTO inventories (InboundId, Quantity, inbounddate, expirydate) VALUES (20, 23, '2024-12-25 11:00:00', '2025-12-25 11:00:00');
INSERT INTO inventories (InboundId, Quantity, inbounddate, expirydate) VALUES (11, 58, '2025-01-30 12:00:00', '2026-01-30 12:00:00');
INSERT INTO invoicedetails (InvoiceId, ProductId, SugarLevel, IceLevel, Quantity) VALUES (1, 1, 50, 70, 1);
INSERT INTO invoicedetails (InvoiceId, ProductId, SugarLevel, IceLevel, Quantity) VALUES (2, 2, 30, 50, 1);
INSERT INTO invoicedetails (InvoiceId, ProductId, SugarLevel, IceLevel, Quantity) VALUES (3, 3, 40, 60, 1);
INSERT INTO invoicedetails (InvoiceId, ProductId, SugarLevel, IceLevel, Quantity) VALUES (4, 1, 60, 80, 2);
INSERT INTO invoicedetails (InvoiceId, ProductId, SugarLevel, IceLevel, Quantity) VALUES (5, 2, 20, 40, 3);
INSERT INTO payments (InvoiceId, Amount, PaymentMethod, paymentdate) VALUES (1, 150000, 'Cash', current_timestamp);
INSERT INTO payments (InvoiceId, Amount, PaymentMethod, paymentdate) VALUES (2, 200000, 'Credit Card', current_timestamp);
INSERT INTO payments (InvoiceId, Amount, PaymentMethod, paymentdate) VALUES (3, 300000, 'Mobile', current_timestamp);
INSERT INTO payments (InvoiceId, Amount, PaymentMethod, paymentdate) VALUES (4, 250000, 'Cash', current_timestamp);
INSERT INTO payments (InvoiceId, Amount, PaymentMethod, paymentdate) VALUES (5, 180000, 'Bank Transfer', current_timestamp);
INSERT INTO ordertoppings (InvoiceDetailId, ProductId, Quantity) VALUES (1, 8, 1);
INSERT INTO ordertoppings (InvoiceDetailId, ProductId, Quantity) VALUES (2, 8, 2);
INSERT INTO ordertoppings (InvoiceDetailId, ProductId, Quantity) VALUES (3, 8, 3);
INSERT INTO ordertoppings (InvoiceDetailId, ProductId, Quantity) VALUES (4, 25, 2);
INSERT INTO ordertoppings (InvoiceDetailId, ProductId, Quantity) VALUES (5, 25, 1);
INSERT INTO outbounds (InventoryId, Quantity, Purpose, Notes, outbounddate) VALUES (19, 4, 'Sản xuất', 'Dành cho trà sữa', '2025-01-12 16:00:00');
INSERT INTO outbounds (InventoryId, Quantity, Purpose, Notes, outbounddate) VALUES (5, 2, 'Sản xuất', 'Dành cho nước ép', '2025-02-08 17:00:00');
INSERT INTO outbounds (InventoryId, Quantity, Purpose, Notes, outbounddate) VALUES (12, 3, 'Sản xuất', 'Dành cho trà đào', '2024-11-18 14:00:00');
INSERT INTO outbounds (InventoryId, Quantity, Purpose, Notes, outbounddate) VALUES (7, 10, 'Sản xuất', 'Dành cho cà phê đen', '2024-05-05 08:00:00');
INSERT INTO outbounds (InventoryId, Quantity, Purpose, Notes, outbounddate) VALUES (16, 10, 'Sản xuất', 'Dành cho đồ uống', '2025-03-03 18:00:00');
INSERT INTO outbounds (InventoryId, Quantity, Purpose, Notes, outbounddate) VALUES (1, 3, 'Sản xuất', 'Dành cho trà chanh', '2024-04-18 19:00:00');
INSERT INTO outbounds (InventoryId, Quantity, Purpose, Notes, outbounddate) VALUES (14, 5, 'Sản xuất', 'Dành cho trà sữa', '2024-06-18 09:00:00');
INSERT INTO outbounds (InventoryId, Quantity, Purpose, Notes, outbounddate) VALUES (9, 2, 'Sản xuất', 'Dành cho soda bạc hà', '2024-12-22 15:00:00');
INSERT INTO outbounds (InventoryId, Quantity, Purpose, Notes, outbounddate) VALUES (3, 8, 'Sản xuất', 'Dành cho trà xanh', '2024-07-22 10:00:00');
INSERT INTO outbounds (InventoryId, Quantity, Purpose, Notes, outbounddate) VALUES (20, 1, 'Sản xuất', 'Dành cho chocolate', '2024-08-02 22:00:00');
INSERT INTO outbounds (InventoryId, Quantity, Purpose, Notes, outbounddate) VALUES (6, 4, 'Sản xuất', 'Dành cho nước ép cam', '2024-11-22 10:00:00');
INSERT INTO outbounds (InventoryId, Quantity, Purpose, Notes, outbounddate) VALUES (2, 5, 'Sản xuất', 'Dành cho cà phê sữa', '2024-06-28 21:00:00');
INSERT INTO outbounds (InventoryId, Quantity, Purpose, Notes, outbounddate) VALUES (17, 6, 'Sản xuất', 'Dành cho đá xay xoài', '2024-08-12 11:00:00');
INSERT INTO outbounds (InventoryId, Quantity, Purpose, Notes, outbounddate) VALUES (11, 2, 'Sản xuất', 'Dành cho nước ép táo', '2024-12-28 11:00:00');
INSERT INTO outbounds (InventoryId, Quantity, Purpose, Notes, outbounddate) VALUES (8, 1, 'Sản xuất', 'Dành cho matcha latte', '2024-08-08 23:00:00');
INSERT INTO outbounds (InventoryId, Quantity, Purpose, Notes, outbounddate) VALUES (15, 2, 'Sản xuất', 'Dành cho sinh tố dâu', '2024-09-12 08:00:00');
INSERT INTO outbounds (InventoryId, Quantity, Purpose, Notes, outbounddate) VALUES (10, 7, 'Sản xuất', 'Dành cho cà phê espresso', '2024-09-08 12:00:00');
INSERT INTO outbounds (InventoryId, Quantity, Purpose, Notes, outbounddate) VALUES (4, 1, 'Sản xuất', 'Dành cho cà phê vani', '2025-02-18 13:00:00');
INSERT INTO outbounds (InventoryId, Quantity, Purpose, Notes, outbounddate) VALUES (21, 1, 'Sản xuất', 'Dành cho nước detox', '2025-03-22 14:00:00');
INSERT INTO outbounds (InventoryId, Quantity, Purpose, Notes, outbounddate) VALUES (13, 6, 'Sản xuất', 'Dành cho soda dừa', '2025-02-03 12:00:00');
INSERT INTO outbounds (InventoryId, Quantity, Purpose, Notes, outbounddate) VALUES (18, 2, 'Sản xuất', 'Dành cho nước ép táo', '2024-12-28 11:00:00');
INSERT INTO taxes (TaxName, TaxRate) VALUES ('VAT 10%', '0.10');
INSERT INTO taxes (TaxName, TaxRate) VALUES ('Service Tax 5%', '0.05');
INSERT INTO taxes (TaxName, TaxRate) VALUES ('Special Tax 2%', '0.02');
INSERT INTO taxes (TaxName, TaxRate) VALUES ('No Tax', '0.00');
INSERT INTO taxes (TaxName, TaxRate) VALUES ('VAT 8%', '0.08');
INSERT INTO invoicetaxes (InvoiceId, TaxId) VALUES (1, 1);
INSERT INTO invoicetaxes (InvoiceId, TaxId) VALUES (2, 2);
INSERT INTO invoicetaxes (InvoiceId, TaxId) VALUES (3, 3);
INSERT INTO invoicetaxes (InvoiceId, TaxId) VALUES (4, 4);
INSERT INTO invoicetaxes (InvoiceId, TaxId) VALUES (5, 5);
INSERT INTO checkinventories (InventoryId, TheoryQuantity, ActualQuantity, Notes, checkdate) VALUES (1, 90, 88, 'Thiếu do hao hụt', '2024-05-10 08:00:00');
INSERT INTO checkinventories (InventoryId, TheoryQuantity, ActualQuantity, Notes, checkdate) VALUES (2, 45, 43, 'Thiếu do hao hụt', '2024-06-20 09:00:00');
INSERT INTO checkinventories (InventoryId, TheoryQuantity, ActualQuantity, Notes, checkdate) VALUES (3, 75, 76, 'Dư có thể hoàn kho', '2024-07-25 10:00:00');
INSERT INTO checkinventories (InventoryId, TheoryQuantity, ActualQuantity, Notes, checkdate) VALUES (4, 55, 55, 'Đủ', '2024-08-15 11:00:00');
INSERT INTO checkinventories (InventoryId, TheoryQuantity, ActualQuantity, Notes, checkdate) VALUES (5, 65, 64, 'Thiếu nhẹ', '2024-09-10 12:00:00');
INSERT INTO checkinventories (InventoryId, TheoryQuantity, ActualQuantity, Notes, checkdate) VALUES (6, 45, 45, 'Đủ', '2024-10-05 13:00:00');
INSERT INTO checkinventories (InventoryId, TheoryQuantity, ActualQuantity, Notes, checkdate) VALUES (7, 28, 27, 'Thiếu do sử dụng', '2024-11-20 14:00:00');
INSERT INTO checkinventories (InventoryId, TheoryQuantity, ActualQuantity, Notes, checkdate) VALUES (8, 18, 18, 'Đủ', '2024-12-25 15:00:00');
INSERT INTO checkinventories (InventoryId, TheoryQuantity, ActualQuantity, Notes, checkdate) VALUES (9, 38, 39, 'Dư do nhập sai', '2025-01-15 16:00:00');
INSERT INTO checkinventories (InventoryId, TheoryQuantity, ActualQuantity, Notes, checkdate) VALUES (10, 23, 22, 'Thiếu nhẹ', '2025-02-10 17:00:00');
INSERT INTO checkinventories (InventoryId, TheoryQuantity, ActualQuantity, Notes, checkdate) VALUES (11, 95, 95, 'Đủ', '2025-03-05 18:00:00');
INSERT INTO checkinventories (InventoryId, TheoryQuantity, ActualQuantity, Notes, checkdate) VALUES (12, 28, 28, 'Đủ', '2024-04-20 19:00:00');
INSERT INTO checkinventories (InventoryId, TheoryQuantity, ActualQuantity, Notes, checkdate) VALUES (13, 18, 17, 'Thiếu do hao hụt', '2024-05-25 20:00:00');
INSERT INTO checkinventories (InventoryId, TheoryQuantity, ActualQuantity, Notes, checkdate) VALUES (14, 48, 48, 'Đủ', '2024-06-30 21:00:00');
INSERT INTO checkinventories (InventoryId, TheoryQuantity, ActualQuantity, Notes, checkdate) VALUES (15, 14, 14, 'Đủ', '2024-08-05 22:00:00');
INSERT INTO checkinventories (InventoryId, TheoryQuantity, ActualQuantity, Notes, checkdate) VALUES (16, 9, 9, 'Đủ', '2024-08-10 23:00:00');
INSERT INTO checkinventories (InventoryId, TheoryQuantity, ActualQuantity, Notes, checkdate) VALUES (17, 18, 19, 'Dư do nhập sai', '2024-09-15 08:00:00');
INSERT INTO checkinventories (InventoryId, TheoryQuantity, ActualQuantity, Notes, checkdate) VALUES (18, 28, 27, 'Thiếu nhẹ', '2024-10-20 09:00:00');
INSERT INTO checkinventories (InventoryId, TheoryQuantity, ActualQuantity, Notes, checkdate) VALUES (19, 38, 38, 'Đủ', '2024-11-25 10:00:00');
INSERT INTO checkinventories (InventoryId, TheoryQuantity, ActualQuantity, Notes, checkdate) VALUES (20, 23, 23, 'Đủ', '2024-12-30 11:00:00');